Workbook

Sheet 说明
A2: 数据源来源及数据处理步骤
A3: 1、下载数据源（4.business report和Advertised report），时间选择维度需统一
A4: 2、处理(2.SKU透视表-右键刷新）
A22: 3、把sku透视表筛选好的数据贴进（3.SKU处理-排名表）中，步骤如下
A23: 步骤1:筛选SKU透视表相应的SKU-复制粘贴数值A-D列
A24: 步骤2：把“#DIV/0!”全部替换成“0”
A25: 步骤3：下拉E-F列公式
A27: 4、在（4.businessReport ）表中筛选要分析的SKU数据-复制到（5.业务报告&AD报告分析）表格中，操作步骤如下：
A29: 步骤1：给business报告中的第N列（即Ordered Product Sales）排序-降序
A30: 步骤2：从business报告中复制已经筛选的SKU数据把A-Q列直接贴进来，对应的A-Q列，R-Y列均为公式不能动

Sheet 跟进备注
A2: 1、 | B2: YDF11\B全部缺货严重
A3: 2、 | B3: YDF2、YDF1 可以加大推广，以及其他头部转化好的SKU，已单独创建TOP系列跟进
A4: 3、 | B4: 无SP-M-广泛广告，目前开启一个只跑头部低流量的SKU+转化好的SKU

Sheet 7.颜色分析（排名）
A1: 步骤1:复制粘贴颜色分析A-I列
A2: 步骤2：把“#DIV/0!”全部替换成“0”
A3: 步骤3：下拉J-P列公式
A4: 颜色 | B4: Sessions | C4: Units Ordered | D4: 转化率 | E4: 广告Impressions | F4: 广告Clicks | G4: 广告orders | H4: CTR | I4: CR | J4: 总流量排名 | K4: 总销量排名 | L4: 总转化率排名 | M4: 广告点击排名 | N4: 广告转化率CTR排名 | O4: 广告转化率CR排名 | P4: 广告订单贡献占比 | Q4: 备注 | R4: 在库周转天数
A5: AMXX0001_YDF11 | B5: 6789 | C5: 142 | D5: 0.020916188 | E5: 234948 | F5: 551 | G5: 53 | H5: 0.0023451998 | I5: 0.096188748 | J5: =RANK(B5,B:B,0) -> 1 | K5: =RANK(C5,C:C,0) -> 1 | L5: =RANK(D5,D:D,0) -> 10 | M5: =RANK(F5,F:F,0) -> 2 | N5: =RANK(G5,G:G,0) -> 2 | O5: =RANK(H5,H:H,0) -> 3 | P5: =G5/C5 -> 0.37323944 | R5: 83.388033
A6: AMXX0001_B | B6: 2435 | C6: 135 | D6: 0.055441478 | E6: 36446 | F6: 74 | G6: 25 | H6: 0.0020304011 | I6: 0.33783784 | J6: =RANK(B6,B:B,0) -> 5 | K6: =RANK(C6,C:C,0) -> 2 | L6: =RANK(D6,D:D,0) -> 1 | M6: =RANK(F6,F:F,0) -> 5 | N6: =RANK(G6,G:G,0) -> 3 | O6: =RANK(H6,H:H,0) -> 6 | P6: =G6/C6 -> 0.18518519 | R6: 17.777778
A7: AMXX0001_YDF1 | B7: 4073 | C7: 112 | D7: 0.027498159 | E7: 133485 | F7: 174 | G7: 14 | H7: 0.0013035172 | I7: 0.08045977 | J7: =RANK(B7,B:B,0) -> 3 | K7: =RANK(C7,C:C,0) -> 3 | L7: =RANK(D7,D:D,0) -> 6 | M7: =RANK(F7,F:F,0) -> 3 | N7: =RANK(G7,G:G,0) -> 4 | O7: =RANK(H7,H:H,0) -> 10 | P7: =G7/C7 -> 0.125 | R7: 54.21278
A8: AMXX0001_YDF2 | B8: 4350 | C8: 88 | D8: 0.020229885 | E8: 369517 | F8: 711 | G8: 76 | H8: 0.0019241334 | I8: 0.1068917 | J8: =RANK(B8,B:B,0) -> 2 | K8: =RANK(C8,C:C,0) -> 4 | L8: =RANK(D8,D:D,0) -> 11 | M8: =RANK(F8,F:F,0) -> 1 | N8: =RANK(G8,G:G,0) -> 1 | O8: =RANK(H8,H:H,0) -> 7 | P8: =G8/C8 -> 0.86363636 | R8: 169.05657
A9: AMXX0001_MGT | B9: 3437 | C9: 86 | D9: 0.025021821 | E9: 13644 | F9: 18 | G9: 2 | H9: 0.0013192612 | I9: 0.11111111 | J9: =RANK(B9,B:B,0) -> 4 | K9: =RANK(C9,C:C,0) -> 5 | L9: =RANK(D9,D:D,0) -> 8 | M9: =RANK(F9,F:F,0) -> 12 | N9: =RANK(G9,G:G,0) -> 10 | O9: =RANK(H9,H:H,0) -> 9 | P9: =G9/C9 -> 0.023255814 | R9: 57.79816
A10: AMXX0001_YDF5 | B10: 2184 | C10: 86 | D10: 0.039377289 | E10: 41933 | F10: 23 | G10: 6 | H10: 0.00054849403 | I10: 0.26086957 | J10: =RANK(B10,B:B,0) -> 7 | K10: =RANK(C10,C:C,0) -> 5 | L10: =RANK(D10,D:D,0) -> 2 | M10: =RANK(F10,F:F,0) -> 10 | N10: =RANK(G10,G:G,0) -> 5 | O10: =RANK(H10,H:H,0) -> 17 | P10: =G10/C10 -> 0.069767442 | R10: 45.454545
A11: AMXX0001_NB | B11: 2279 | C11: 83 | D11: 0.036419482 | E11: 12229 | F11: 35 | G11: 3 | H11: 0.0028620492 | I11: 0.085714286 | J11: =RANK(B11,B:B,0) -> 6 | K11: =RANK(C11,C:C,0) -> 7 | L11: =RANK(D11,D:D,0) -> 3 | M11: =RANK(F11,F:F,0) -> 6 | N11: =RANK(G11,G:G,0) -> 7 | O11: =RANK(H11,H:H,0) -> 2 | P11: =G11/C11 -> 0.036144578 | R11: 40.645174
A12: AMXX0001_WR | B12: 1869 | C12: 57 | D12: 0.030497592 | E12: 19464 | F12: 19 | G12: 1 | H12: 0.00097616112 | I12: 0.052631579 | J12: =RANK(B12,B:B,0) -> 10 | K12: =RANK(C12,C:C,0) -> 8 | L12: =RANK(D12,D:D,0) -> 5 | M12: =RANK(F12,F:F,0) -> 11 | N12: =RANK(G12,G:G,0) -> 12 | O12: =RANK(H12,H:H,0) -> 11 | P12: =G12/C12 -> 0.01754386 | R12: 110.83331
A13: AMXX0001_PEB | B13: 1898 | C13: 43 | D13: 0.022655427 | E13: 24617 | F13: 14 | G13: 0 | H13: 0.00056871268 | I13: 0 | J13: =RANK(B13,B:B,0) -> 9 | K13: =RANK(C13,C:C,0) -> 9 | L13: =RANK(D13,D:D,0) -> 9 | M13: =RANK(F13,F:F,0) -> 14 | N13: =RANK(G13,G:G,0) -> 17 | O13: =RANK(H13,H:H,0) -> 16 | P13: =G13/C13 -> 0 | R13: 90.12509
A14: AMXX0001_YDF9 | B14: 1603 | C14: 42 | D14: 0.026200873 | E14: 30691 | F14: 29 | G14: 3 | H14: 0.00094490241 | I14: 0.10344828 | J14: =RANK(B14,B:B,0) -> 11 | K14: =RANK(C14,C:C,0) -> 10 | L14: =RANK(D14,D:D,0) -> 7 | M14: =RANK(F14,F:F,0) -> 8 | N14: =RANK(G14,G:G,0) -> 7 | O14: =RANK(H14,H:H,0) -> 12 | P14: =G14/C14 -> 0.071428571 | R14: 120.39995
A15: AMXX0001_YDF10 | B15: 1303 | C15: 42 | D15: 0.032233308 | E15: 39775 | F15: 32 | G15: 3 | H15: 0.00080452546 | I15: 0.09375 | J15: =RANK(B15,B:B,0) -> 15 | K15: =RANK(C15,C:C,0) -> 10 | L15: =RANK(D15,D:D,0) -> 4 | M15: =RANK(F15,F:F,0) -> 7 | N15: =RANK(G15,G:G,0) -> 7 | O15: =RANK(H15,H:H,0) -> 14 | P15: =G15/C15 -> 0.071428571 | R15: 75.957398
A16: AMXX0001_PAT9 | B16: 1965 | C16: 38 | D16: 0.019338422 | E16: 55162 | F16: 114 | G16: 6 | H16: 0.0020666401 | I16: 0.052631579 | J16: =RANK(B16,B:B,0) -> 8 | K16: =RANK(C16,C:C,0) -> 12 | L16: =RANK(D16,D:D,0) -> 13 | M16: =RANK(F16,F:F,0) -> 4 | N16: =RANK(G16,G:G,0) -> 5 | O16: =RANK(H16,H:H,0) -> 5 | P16: =G16/C16 -> 0.15789474 | R16: 126.21214
... A21: AMXX0001_YDF4 | B21: 1077 | C21: 17 | D21: 0.015784587 | E21: 29555 | F21: 26 | G21: 1 | H21: 0.00087971578 | I21: 0.038461538 | J21: =RANK(B21,B:B,0) -> 17 | K21: =RANK(C21,C:C,0) -> 17 | L21: =RANK(D21,D:D,0) -> 17 | M21: =RANK(F21,F:F,0) -> 9 | N21: =RANK(G21,G:G,0) -> 12 | O21: =RANK(H21,H:H,0) -> 13 | P21: =G21/C21 -> 0.058823529 | R21: 262.5
A22: AMXX0001_PU | B22: 674 | C22: 11 | D22: 0.016320475 | E22: 8690 | F22: 4 | G22: 1 | H22: 0.00046029919 | I22: 0.25 | J22: =RANK(B22,B:B,0) -> 19 | K22: =RANK(C22,C:C,0) -> 18 | L22: =RANK(D22,D:D,0) -> 16 | M22: =RANK(F22,F:F,0) -> 17 | N22: =RANK(G22,G:G,0) -> 12 | O22: =RANK(H22,H:H,0) -> 18 | P22: =G22/C22 -> 0.090909091 | R22: #N/A
A23: AMXX0001_YDF12 | B23: 640 | C23: 6 | D23: 0.009375 | E23: 74 | F23: 0 | G23: 0 | H23: 0 | I23: 0 | J23: =RANK(B23,B:B,0) -> 20 | K23: =RANK(C23,C:C,0) -> 19 | L23: =RANK(D23,D:D,0) -> 19 | M23: =RANK(F23,F:F,0) -> 19 | N23: =RANK(G23,G:G,0) -> 17 | O23: =RANK(H23,H:H,0) -> 19 | P23: =G23/C23 -> 0 | R23: 107.69247
A24: AMXX0001_PAT3 | B24: 742 | C24: 5 | D24: 0.0067385445 | E24: 0 | F24: 0 | G24: 0 | H24: 0 | I24: 0 | J24: =RANK(B24,B:B,0) -> 18 | K24: =RANK(C24,C:C,0) -> 20 | L24: =RANK(D24,D:D,0) -> 20 | M24: =RANK(F24,F:F,0) -> 19 | N24: =RANK(G24,G:G,0) -> 17 | O24: =RANK(H24,H:H,0) -> 19 | P24: =G24/C24 -> 0 | R24: 402.49899

Sheet 6.颜色分析
A3: 行标签 | B3: 求和项:Sessions | C3: 求和项:Units Ordered | D3: 求和项:转化率 | E3: 求和项:广告Impressions | F3: 求和项:广告Clicks | G3: 求和项:广告orders | H3: 求和项:CTR | I3: 求和项:CR
A4: AMXX0001_YDF11 | B4: 6789 | C4: 142 | D4: 0.020916188 | E4: 234948 | F4: 551 | G4: 53 | H4: 0.0023451998 | I4: 0.096188748
A5: AMXX0001_YDF2 | B5: 4350 | C5: 88 | D5: 0.020229885 | E5: 369517 | F5: 711 | G5: 76 | H5: 0.0019241334 | I5: 0.1068917
A6: AMXX0001_YDF1 | B6: 4073 | C6: 112 | D6: 0.027498159 | E6: 133485 | F6: 174 | G6: 14 | H6: 0.0013035172 | I6: 0.08045977
A7: AMXX0001_MGT | B7: 3437 | C7: 86 | D7: 0.025021821 | E7: 13644 | F7: 18 | G7: 2 | H7: 0.0013192612 | I7: 0.11111111
A8: AMXX0001_B | B8: 2435 | C8: 135 | D8: 0.055441478 | E8: 36446 | F8: 74 | G8: 25 | H8: 0.0020304011 | I8: 0.33783784
A9: AMXX0001_NB | B9: 2279 | C9: 83 | D9: 0.036419482 | E9: 12229 | F9: 35 | G9: 3 | H9: 0.0028620492 | I9: 0.085714286
A10: AMXX0001_YDF5 | B10: 2184 | C10: 86 | D10: 0.039377289 | E10: 41933 | F10: 23 | G10: 6 | H10: 0.00054849403 | I10: 0.26086957
A11: AMXX0001_PAT9 | B11: 1965 | C11: 38 | D11: 0.019338422 | E11: 55162 | F11: 114 | G11: 6 | H11: 0.0020666401 | I11: 0.052631579
A12: AMXX0001_PEB | B12: 1898 | C12: 43 | D12: 0.022655427 | E12: 24617 | F12: 14 | G12: 0 | H12: 0.00056871268 | I12: 0
A13: AMXX0001_WR | B13: 1869 | C13: 57 | D13: 0.030497592 | E13: 19464 | F13: 19 | G13: 1 | H13: 0.00097616112 | I13: 0.052631579
A14: AMXX0001_YDF9 | B14: 1603 | C14: 42 | D14: 0.026200873 | E14: 30691 | F14: 29 | G14: 3 | H14: 0.00094490241 | I14: 0.10344828
A15: AMXX0001_PAT1 | B15: 1572 | C15: 31 | D15: 0.019720102 | E15: 11545 | F15: 18 | G15: 1 | H15: 0.0015591165 | I15: 0.055555556
... A20: AMXX0001_YDF4 | B20: 1077 | C20: 17 | D20: 0.015784587 | E20: 29555 | F20: 26 | G20: 1 | H20: 0.00087971578 | I20: 0.038461538
A21: AMXX0001_PAT3 | B21: 742 | C21: 5 | D21: 0.0067385445 | E21: 0 | F21: 0 | G21: 0 | H21: #DIV/0! | I21: #DIV/0!
A22: AMXX0001_PU | B22: 674 | C22: 11 | D22: 0.016320475 | E22: 8690 | F22: 4 | G22: 1 | H22: 0.00046029919 | I22: 0.25
A23: AMXX0001_YDF12 | B23: 640 | C23: 6 | D23: 0.009375 | E23: 74 | F23: 0 | G23: 0 | H23: 0 | I23: #DIV/0!
A24: (空白) | D24: #DIV/0! | H24: #DIV/0! | I24: #DIV/0!
A25: 总计 | B25: 42822 | C25: 1089 | D25: 0.025430853 | E25: 1073401 | F25: 1855 | G25: 198 | H25: 0.0017281519 | I25: 0.10673854

Sheet 5.业务报告&AD报告分析
B1: 步骤1：给business报告中的第N列（即Ordered Product Sales）排序-降序
B2: 步骤2：从business报告中复制已经筛选的SKU数据把A-Q列直接贴进来，对应的A-Q列，R-Y列均为公式不能动
A3: 颜色 | B3: (Parent) ASIN | C3: (Child) ASIN | D3: Title | E3: SKU | F3: Sessions | G3: Session Percentage | H3: Page Views | I3: Page Views Percentage | J3: Buy Box Percentage | K3: Units Ordered | L3: Units Ordered - B2B | M3: Unit Session Percentage | N3: Unit Session Percentage - B2B | O3: Ordered Product Sales | P3: Ordered Product Sales - B2B | Q3: Total Order Items | R3: Total Order Items - B2B | S3: 总流量排名 | T3: 总销售额排名 | U3: 总转化率排名 | V3: 广告Impressions | W3: 广告Clicks | X3: 广告CTR | Y3: 广告CR | Z3: 广告ROI | AA3: 广告orders | AB3: 广告点击排名 | AC3: 广告点击率CTR排名 | AD3: 广告转化率CR排名 | AE3: 备注(调整建议及问题）
A4: =LEFT(E4,FIND("_",E4,11)-1) -> #VALUE! | B4: B0CPHL55Y1 | C4: B0CM9F3CXY | D4: Puzzomix 3D Wooden Puzzles Christmas Village Houses Music Box - Colorful Wood Model Building Kits for Kids Unique Gift for Kids & Adults, Desk Decor for Birthday/Christmas Day | E4: PZM-US-YYH-V1-1 | F4: 1003 | G4: 0.297 | H4: 1298 | I4: 0.3119 | J4: 1 | K4: 44 | L4: 1 | M4: 0.0439 | N4: 0.0588 | O4: 1289.57 | P4: 29.99 | Q4: 43 | R4: 1 | S4: =RANK(F4,F:F,0) -> 2 | T4: =RANK(O4,O:O,0) -> 1 | U4: =RANK(M4,M:M,0) -> 1 | V4: =IFERROR(VLOOKUP(E4,'3.SKU处理-排名'!A:B,2,0),0) -> 284886 | W4: =IFERROR(VLOOKUP(E4,'3.SKU处理-排名'!A:J,3,0),0) -> 542 | X4: =IFERROR(VLOOKUP(E4,'3.SKU处理-排名'!A:D,4,0),0) -> 0.0019025154 | Y4: =IFERROR(VLOOKUP(E4,'3.SKU处理-排名'!A:J,5,0),0) -> 0.064575646 | Z4: =IFERROR(VLOOKUP(E4,'3.SKU处理-排名'!A:J,6,0),0) -> 1.8906815 | AA4: =IFERROR(VLOOKUP(E4,'3.SKU处理-排名'!A:G,7,0),0) -> 36 | AB4: =IFERROR(VLOOKUP(E4,'3.SKU处理-排名'!A:J,8,0),0) -> 1 | AC4: =IFERROR(VLOOKUP(E4,'3.SKU处理-排名'!A:I,9,0),0) -> 3 | AD4: =IFERROR(VLOOKUP(E4,'3.SKU处理-排名'!A:J,9,0),0) -> 3 | AE4: 广告点击率低，转化相对其他SKU高一些，可做广泛投放+精准投放
A5: =LEFT(E5,FIND("_",E5,11)-1) -> #VALUE! | B5: B0CPHL55Y1 | C5: B0CMJ85RH6 | D5: Puzzomix 3D Wooden Puzzles for Kids - DIY Building Kit with LED Night Light, Unique Idea for Kids & Adults Hobbies Handmade Christmas Crafts and Home Decor (Christmas Luminous Box) | E5: PZM-US-YGH-V1-1 | F5: 1473 | G5: 0.4362 | H5: 1797 | I5: 0.4319 | J5: 1 | K5: 35 | L5: 0 | M5: 0.0238 | N5: 0 | O5: 883.65 | P5: 0 | Q5: 34 | R5: 0 | S5: =RANK(F5,F:F,0) -> 1 | T5: =RANK(O5,O:O,0) -> 2 | U5: =RANK(M5,M:M,0) -> 3 | V5: =IFERROR(VLOOKUP(E5,'3.SKU处理-排名'!A:B,2,0),0) -> 64123 | W5: =IFERROR(VLOOKUP(E5,'3.SKU处理-排名'!A:J,3,0),0) -> 278 | X5: =IFERROR(VLOOKUP(E5,'3.SKU处理-排名'!A:D,4,0),0) -> 0.0043354179 | Y5: =IFERROR(VLOOKUP(E5,'3.SKU处理-排名'!A:J,5,0),0) -> 0.021582734 | Z5: =IFERROR(VLOOKUP(E5,'3.SKU处理-排名'!A:J,6,0),0) -> 0.54720849 | AA5: =IFERROR(VLOOKUP(E5,'3.SKU处理-排名'!A:G,7,0),0) -> 6 | AB5: =IFERROR(VLOOKUP(E5,'3.SKU处理-排名'!A:J,8,0),0) -> 3 | AC5: =IFERROR(VLOOKUP(E5,'3.SKU处理-排名'!A:I,9,0),0) -> 1 | AD5: =IFERROR(VLOOKUP(E5,'3.SKU处理-排名'!A:J,9,0),0) -> 1 | AE5: 广告点击率高，但转化率差
A6: =LEFT(E6,FIND("_",E6,11)-1) -> #VALUE! | B6: B0CPHL55Y1 | C6: B0CMHNDQT8 | D6: Puzzomix 3D Wooden Puzzles Christmas Ornament - DIY Mechanical Model Building Kit, Fun and Creative DIY 3D Puzzles for Kids, Unique for Adult Hobbies | E6: PZM-US-XBJ-V1-1 | F6: 611 | G6: 0.1809 | H6: 747 | I6: 0.1795 | J6: 1 | K6: 23 | L6: 0 | M6: 0.0376 | N6: 0 | O6: 301.77 | P6: 0 | Q6: 18 | R6: 0 | S6: =RANK(F6,F:F,0) -> 3 | T6: =RANK(O6,O:O,0) -> 3 | U6: =RANK(M6,M:M,0) -> 2 | V6: =IFERROR(VLOOKUP(E6,'3.SKU处理-排名'!A:B,2,0),0) -> 94170 | W6: =IFERROR(VLOOKUP(E6,'3.SKU处理-排名'!A:J,3,0),0) -> 333 | X6: =IFERROR(VLOOKUP(E6,'3.SKU处理-排名'!A:D,4,0),0) -> 0.003536158 | Y6: =IFERROR(VLOOKUP(E6,'3.SKU处理-排名'!A:J,5,0),0) -> 0.045045045 | Z6: =IFERROR(VLOOKUP(E6,'3.SKU处理-排名'!A:J,6,0),0) -> 1.0893752 | AA6: =IFERROR(VLOOKUP(E6,'3.SKU处理-排名'!A:G,7,0),0) -> 21 | AB6: =IFERROR(VLOOKUP(E6,'3.SKU处理-排名'!A:J,8,0),0) -> 2 | AC6: =IFERROR(VLOOKUP(E6,'3.SKU处理-排名'!A:I,9,0),0) -> 2 | AD6: =IFERROR(VLOOKUP(E6,'3.SKU处理-排名'!A:J,9,0),0) -> 2 | AE6: 做主要拓流量SKU ，区分转化差的词，其他可加大推广

Sheet 4.BusinessReport-1201-1214
A1: (Parent) ASIN | B1: (Child) ASIN | C1: Title | D1: SKU | E1: Sessions | F1: Session Percentage | G1: Page Views | H1: Page Views Percentage | I1: Buy Box Percentage | J1: Units Ordered | K1: Units Ordered - B2B | L1: Unit Session Percentage | M1: Unit Session Percentage - B2B | N1: Ordered Product Sales | O1: Ordered Product Sales - B2B | P1: Total Order Items | Q1: Total Order Items - B2B
A2: B0CPHL55Y1 | B2: B0CM9F3CXY | C2: Puzzomix 3D Wooden Puzzles Christmas Village Houses Music Box - Colorful Wood Model Building Kits for Kids Unique Gift for Kids & Adults, Desk Decor for Birthday/Christmas Day | D2: PZM-US-YYH-V1-1 | E2: 1003 | F2: 0.297 | G2: 1298 | H2: 0.3119 | I2: 1 | J2: 44 | K2: 1 | L2: 0.0439 | M2: 0.0588 | N2: 1289.57 | O2: 29.99 | P2: 43 | Q2: 1
A3: B0CPHL55Y1 | B3: B0CMJ85RH6 | C3: Puzzomix 3D Wooden Puzzles for Kids - DIY Building Kit with LED Night Light, Unique Idea for Kids & Adults Hobbies Handmade Christmas Crafts and Home Decor (Christmas Luminous Box) | D3: PZM-US-YGH-V1-1 | E3: 1473 | F3: 0.4362 | G3: 1797 | H3: 0.4319 | I3: 1 | J3: 35 | K3: 0 | L3: 0.0238 | M3: 0 | N3: 883.65 | O3: 0 | P3: 34 | Q3: 0
A4: B0CPHL55Y1 | B4: B0CMHNDQT8 | C4: Puzzomix 3D Wooden Puzzles Christmas Ornament - DIY Mechanical Model Building Kit, Fun and Creative DIY 3D Puzzles for Kids, Unique for Adult Hobbies | D4: PZM-US-XBJ-V1-1 | E4: 611 | F4: 0.1809 | G4: 747 | H4: 0.1795 | I4: 1 | J4: 23 | K4: 0 | L4: 0.0376 | M4: 0 | N4: 301.77 | O4: 0 | P4: 18 | Q4: 0
A5: B0CMHX59TC | B5: B0CMHX59TC | C5: Puzzomix Booknook Kit Book Nook Miniature Kit for Adults DIY Bookshelf Insert-Wood 3D Puzzle, Bookshelf Miniature Scenes - Christmas Birthday Gifts for Kids and Adults Hobbies | D5: PZM-US-XXSL-V1-0 | E5: 181 | F5: 0.0536 | G5: 197 | H5: 0.0473 | I5: 0.9492 | J5: 9 | K5: 0 | L5: 0.0497 | M5: 0 | N5: 0 | O5: 0 | P5: 9 | Q5: 0
A6: B0CMH891WR | B6: B0CMH891WR | C6: Puzzomix 3D Puzzles for Kids, Models for Adults to Build - Wood Model Kit, Ferris Wheel Wood Building Kits - Ideal Birthday for Puzzle Lovers and Teens | D6: PZM-US-MTL-V1-0 | E6: 61 | F6: 0.0181 | G6: 66 | H6: 0.0159 | I6: 0.9545 | J6: 8 | K6: 0 | L6: 0.1311 | M6: 0 | N6: 0 | O6: 0 | P6: 8 | Q6: 0
A7: B0CMHNDQT8 | B7: B0CMHNDQT8 | C7: Puzzomix 3D Wooden Puzzles Christmas Ornament - DIY Mechanical Model Building Kit, Fun and Creative DIY 3D Puzzles for Kids, Unique for Adult Hobbies | D7: PZM-US-XBJ-V1-1 | E7: 48 | F7: 0.0142 | G7: 56 | H7: 0.0135 | I7: 1 | J7: 8 | K7: 0 | L7: 0.1667 | M7: 0 | N7: 0 | O7: 0 | P7: 8 | Q7: 0

Sheet 3.SKU处理-排名
A1: 步骤1:筛选SKU透视表相应的SKU-复制粘贴数值A-D列
A2: 步骤2：把“0”全部替换成“0”
A3: 步骤3：下拉E-F列公式
A4: SKU-需筛选 | B4: 求和项:Impressions | C4: 求和项:Clicks | D4: 求和项:CTR | E4: 求和项:CR | F4: 求和项:ROI | G4: 求和项:7 Day Total Units | H4: 广告点击排名 | I4: 广告点击率CTR排名 | J4: 广告转化率CR排名
A5: PZM-US-YYH-V1-1 | B5: 284886 | C5: 542 | D5: 0.0019025154 | E5: 0.064575646 | F5: 1.8906815 | G5: 36 | H5: =RANK(C5,C:C,0) -> 1 | I5: =RANK(D5,D:D,0) -> 3 | J5: =RANK(E5,E:E,0) -> 1
A6: PZM-US-XBJ-V1-1 | B6: 94170 | C6: 333 | D6: 0.003536158 | E6: 0.045045045 | F6: 1.0893752 | G6: 21 | H6: =RANK(C6,C:C,0) -> 2 | I6: =RANK(D6,D:D,0) -> 2 | J6: =RANK(E6,E:E,0) -> 2
A7: PZM-US-YGH-V1-1 | B7: 64123 | C7: 278 | D7: 0.0043354179 | E7: 0.021582734 | F7: 0.54720849 | G7: 6 | H7: =RANK(C7,C:C,0) -> 3 | I7: =RANK(D7,D:D,0) -> 1 | J7: =RANK(E7,E:E,0) -> 3

Sheet 2.SKU透视表
A1: SKU-需筛选 | B1: 求和项:Impressions | C1: 求和项:Clicks | D1: 求和项:CTR | E1: 求和项:CR | F1: 求和项:ROI | G1: 求和项:7 Day Total Units
A2: PZM-US-YYH-V1-1 | B2: 284886 | C2: 542 | D2: 0.0019025154 | E2: 0.064575646 | F2: 1.8906815 | G2: 36
A3: PZM-US-XBJ-V1-1 | B3: 94170 | C3: 333 | D3: 0.003536158 | E3: 0.045045045 | F3: 1.0893752 | G3: 21
A4: PZM-US-YGH-V1-1 | B4: 64123 | C4: 278 | D4: 0.0043354179 | E4: 0.021582734 | F4: 0.54720849 | G4: 6
A5: (空白) | D5: #DIV/0! | E5: #DIV/0! | F5: #DIV/0!
A6: 总计 | B6: 443179 | C6: 1153 | D6: 0.0026016576 | E6: 0.048568951 | F6: 1.3587293 | G6: 63

Sheet  1.Advertised report  （SKU报告）
A1: 月份 | B1: Date | C1: Portfolio name | D1: Currency | E1: Campaign Name | F1: Ad Group Name | G1: Advertised SKU | H1: Advertised ASIN | I1: Impressions | J1: Clicks | K1: Click-Thru Rate (CTR) | L1: Cost Per Click (CPC) | M1: Spend | N1: 7 Day Total Sales | O1: Total Advertising Cost of Sales (ACOS) | P1: Total Return on Advertising Spend (ROAS) | Q1: 7 Day Total Orders (#) | R1: 7 Day Total Units (#) | S1: 7 Day Conversion Rate | T1: 7 Day Advertised SKU Units (#) | U1: 7 Day Other SKU Units (#) | V1: 7 Day Advertised SKU Sales | W1: 7 Day Other SKU Sales
A2: =IF(MONTH(B2)<10,"0"&MONTH(B2)&"月",MONTH(B2)&"月") -> 12月 | B2: 45262 | C2: No Portfolio | D2: USD | E2: PP6-1-WZX-YYH-V1-SP-A-12.9重启-12.12取消ROS+top10% | F2: YYH-V1-SP-A-12.11F | G2: PZM-US-YYH-V1-1 | H2: B0CM9F3CXY | I2: 4778 | J2: 12 | K2: 0.0025115111 | L2: 0.69166667 | M2: 8.3 | N2: 0 | P2: 0 | Q2: 0 | R2: 0 | S2: 0 | T2: 0 | U2: 0 | V2: 0 | W2: 0
A3: =IF(MONTH(B3)<10,"0"&MONTH(B3)&"月",MONTH(B3)&"月") -> 12月 | B3: 45263 | C3: No Portfolio | D3: USD | E3: PP6-1-WZX-YYH-V1-SP-A-12.9重启-12.12取消ROS+top10% | F3: YYH-V1-SP-A-12.11F | G3: PZM-US-YYH-V1-1 | H3: B0CM9F3CXY | I3: 1993 | J3: 4 | K3: 0.0020070246 | L3: 0.535 | M3: 2.14 | N3: 0 | P3: 0 | Q3: 0 | R3: 0 | S3: 0 | T3: 0 | U3: 0 | V3: 0 | W3: 0
A4: =IF(MONTH(B4)<10,"0"&MONTH(B4)&"月",MONTH(B4)&"月") -> 12月 | B4: 45264 | C4: No Portfolio | D4: USD | E4: PP6-1-WZX-YYH-V1-SP-A-12.9重启-12.12取消ROS+top10% | F4: YYH-V1-SP-A-12.11F | G4: PZM-US-YYH-V1-1 | H4: B0CM9F3CXY | I4: 4 | J4: 0 | K4: 0 | M4: 0 | N4: 0 | Q4: 0 | R4: 0 | T4: 0 | U4: 0 | V4: 0 | W4: 0
A5: =IF(MONTH(B5)<10,"0"&MONTH(B5)&"月",MONTH(B5)&"月") -> 12月 | B5: 45269 | C5: No Portfolio | D5: USD | E5: PP6-1-WZX-YYH-V1-SP-A-12.9重启-12.12取消ROS+top10% | F5: YYH-V1-SP-A-12.11F | G5: PZM-US-YYH-V1-1 | H5: B0CM9F3CXY | I5: 6089 | J5: 22 | K5: 0.0036130728 | L5: 0.68636364 | M5: 15.1 | N5: 29.99 | O5: 0.50350117 | P5: 1.9860927 | Q5: 1 | R5: 1 | S5: 0.045454545 | T5: 1 | U5: 0 | V5: 29.99 | W5: 0
A6: =IF(MONTH(B6)<10,"0"&MONTH(B6)&"月",MONTH(B6)&"月") -> 12月 | B6: 45270 | C6: No Portfolio | D6: USD | E6: PP6-1-WZX-YYH-V1-SP-A-12.9重启-12.12取消ROS+top10% | F6: YYH-V1-SP-A-12.11F | G6: PZM-US-YYH-V1-1 | H6: B0CM9F3CXY | I6: 17820 | J6: 45 | K6: 0.0025252525 | L6: 0.74177778 | M6: 33.38 | N6: 119.96 | O6: 0.27825942 | P6: 3.5937687 | Q6: 5 | R6: 5 | S6: 0.11111111 | T6: 5 | U6: 0 | V6: 119.96 | W6: 0
A7: =IF(MONTH(B7)<10,"0"&MONTH(B7)&"月",MONTH(B7)&"月") -> 12月 | B7: 45271 | C7: No Portfolio | D7: USD | E7: PP6-1-WZX-YYH-V1-SP-A-12.9重启-12.12取消ROS+top10% | F7: YYH-V1-SP-A-12.11F | G7: PZM-US-YYH-V1-1 | H7: B0CM9F3CXY | I7: 40808 | J7: 52 | K7: 0.0012742599 | L7: 0.88019231 | M7: 45.77 | N7: 145.95 | O7: 0.31360055 | P7: 3.1887699 | Q7: 5 | R7: 5 | S7: 0.096153846 | T7: 4 | U7: 1 | V7: 119.96 | W7: 25.99
A8: =IF(MONTH(B8)<10,"0"&MONTH(B8)&"月",MONTH(B8)&"月") -> 12月 | B8: 45272 | C8: No Portfolio | D8: USD | E8: PP6-1-WZX-YYH-V1-SP-A-12.9重启-12.12取消ROS+top10% | F8: YYH-V1-SP-A-12.11F | G8: PZM-US-YYH-V1-1 | H8: B0CM9F3CXY | I8: 55114 | J8: 62 | K8: 0.001124941 | L8: 0.87548387 | M8: 54.28 | N8: 59.98 | O8: 0.90496832 | P8: 1.1050111 | Q8: 2 | R8: 2 | S8: 0.032258065 | T8: 2 | U8: 0 | V8: 59.98 | W8: 0
A9: =IF(MONTH(B9)<10,"0"&MONTH(B9)&"月",MONTH(B9)&"月") -> 12月 | B9: 45273 | C9: No Portfolio | D9: USD | E9: PP6-1-WZX-YYH-V1-SP-A-12.9重启-12.12取消ROS+top10% | F9: YYH-V1-SP-A-12.11F | G9: PZM-US-YYH-V1-1 | H9: B0CM9F3CXY | I9: 6865 | J9: 23 | K9: 0.0033503277 | L9: 0.82217391 | M9: 18.91 | N9: 0 | P9: 0 | Q9: 0 | R9: 0 | S9: 0 | T9: 0 | U9: 0 | V9: 0 | W9: 0
A10: =IF(MONTH(B10)<10,"0"&MONTH(B10)&"月",MONTH(B10)&"月") -> 12月 | B10: 45274 | C10: No Portfolio | D10: USD | E10: PP6-1-WZX-YYH-V1-SP-A-12.9重启-12.12取消ROS+top10% | F10: YYH-V1-SP-A-12.11F | G10: PZM-US-YYH-V1-1 | H10: B0CM9F3CXY | I10: 15258 | J10: 41 | K10: 0.002687115 | L10: 0.85317073 | M10: 34.98 | N10: 89.97 | O10: 0.38879627 | P10: 2.5720412 | Q10: 3 | R10: 3 | S10: 0.073170732 | T10: 3 | U10: 0 | V10: 89.97 | W10: 0
A11: =IF(MONTH(B11)<10,"0"&MONTH(B11)&"月",MONTH(B11)&"月") -> 12月 | B11: 45262 | C11: No Portfolio | D11: USD | E11: PP6-1-WZX-YYH-V1-SP-M-B-12.11重启+词 | F11: YYH-V1-SP-M-B-12.11f | G11: PZM-US-YYH-V1-1 | H11: B0CM9F3CXY | I11: 3601 | J11: 10 | K11: 0.0027770064 | L11: 1.254 | M11: 12.54 | N11: 0 | P11: 0 | Q11: 0 | R11: 0 | S11: 0 | T11: 0 | U11: 0 | V11: 0 | W11: 0
A12: =IF(MONTH(B12)<10,"0"&MONTH(B12)&"月",MONTH(B12)&"月") -> 12月 | B12: 45263 | C12: No Portfolio | D12: USD | E12: PP6-1-WZX-YYH-V1-SP-M-B-12.11重启+词 | F12: YYH-V1-SP-M-B-12.11f | G12: PZM-US-YYH-V1-1 | H12: B0CM9F3CXY | I12: 5307 | J12: 5 | K12: 0.00094215187 | L12: 1.018 | M12: 5.09 | N12: 0 | P12: 0 | Q12: 0 | R12: 0 | S12: 0 | T12: 0 | U12: 0 | V12: 0 | W12: 0
A13: =IF(MONTH(B13)<10,"0"&MONTH(B13)&"月",MONTH(B13)&"月") -> 12月 | B13: 45271 | C13: No Portfolio | D13: USD | E13: PP6-1-WZX-YYH-V1-SP-M-B-12.11重启+词 | F13: YYH-V1-SP-M-B-12.11f | G13: PZM-US-YYH-V1-1 | H13: B0CM9F3CXY | I13: 8747 | J13: 26 | K13: 0.0029724477 | L13: 0.77038462 | M13: 20.03 | N13: 42.98 | O13: 0.46603071 | P13: 2.1457813 | Q13: 2 | R13: 2 | S13: 0.076923077 | T13: 1 | U13: 1 | V13: 29.99 | W13: 12.99
A14: =IF(MONTH(B14)<10,"0"&MONTH(B14)&"月",MONTH(B14)&"月") -> 12月 | B14: 45272 | C14: No Portfolio | D14: USD | E14: PP6-1-WZX-YYH-V1-SP-M-B-12.11重启+词 | F14: YYH-V1-SP-M-B-12.11f | G14: PZM-US-YYH-V1-1 | H14: B0CM9F3CXY | I14: 61 | J14: 0 | K14: 0 | M14: 0 | N14: 0 | Q14: 0 | R14: 0 | T14: 0 | U14: 0 | V14: 0 | W14: 0
A15: =IF(MONTH(B15)<10,"0"&MONTH(B15)&"月",MONTH(B15)&"月") -> 12月 | B15: 45273 | C15: No Portfolio | D15: USD | E15: PP6-1-WZX-YYH-V1-SP-M-B-12.11重启+词 | F15: YYH-V1-SP-M-B-12.11f | G15: PZM-US-YYH-V1-1 | H15: B0CM9F3CXY | I15: 0 | J15: 0 | M15: 0 | N15: 0 | Q15: 0 | R15: 0 | T15: 0 | U15: 0 | V15: 0 | W15: 0
A16: =IF(MONTH(B16)<10,"0"&MONTH(B16)&"月",MONTH(B16)&"月") -> 12月 | B16: 45274 | C16: No Portfolio | D16: USD | E16: PP6-1-WZX-YYH-V1-SP-M-B-12.11重启+词 | F16: YYH-V1-SP-M-B-12.11f | G16: PZM-US-YYH-V1-1 | H16: B0CM9F3CXY | I16: 2710 | J16: 17 | K16: 0.0062730627 | L16: 0.92176471 | M16: 15.67 | N16: 29.99 | O16: 0.5225075 | P16: 1.9138481 | Q16: 1 | R16: 1 | S16: 0.058823529 | T16: 1 | U16: 0 | V16: 29.99 | W16: 0
A17: =IF(MONTH(B17)<10,"0"&MONTH(B17)&"月",MONTH(B17)&"月") -> 12月 | B17: 45265 | C17: No Portfolio | D17: USD | E17: PP6-1-WZX-YGH-V1-SP-M-广泛 | F17: YGH-V1-SP-B-kids+0.1+0.1 | G17: PZM-US-YGH-V1-1 | H17: B0CMJ85RH6 | I17: 3621 | J17: 10 | K17: 0.002761668 | L17: 1.131 | M17: 11.31 | N17: 0 | P17: 0 | Q17: 0 | R17: 0 | S17: 0 | T17: 0 | U17: 0 | V17: 0 | W17: 0
A18: =IF(MONTH(B18)<10,"0"&MONTH(B18)&"月",MONTH(B18)&"月") -> 12月 | B18: 45266 | C18: No Portfolio | D18: USD | E18: PP6-1-WZX-YGH-V1-SP-M-广泛 | F18: YGH-V1-SP-B-kids+0.1+0.1 | G18: PZM-US-YGH-V1-1 | H18: B0CMJ85RH6 | I18: 1926 | J18: 5 | K18: 0.002596054 | L18: 1.13 | M18: 5.65 | N18: 0 | P18: 0 | Q18: 0 | R18: 0 | S18: 0 | T18: 0 | U18: 0 | V18: 0 | W18: 0
A19: =IF(MONTH(B19)<10,"0"&MONTH(B19)&"月",MONTH(B19)&"月") -> 12月 | B19: 45265 | C19: No Portfolio | D19: USD | E19: PP6-1-WZX-YGH-V1-SP-M-广泛 | F19: YGH-V1-SP-B-大词 wood &wooden puzzle | G19: PZM-US-YGH-V1-1 | H19: B0CMJ85RH6 | I19: 4016 | J19: 12 | K19: 0.0029880478 | L19: 1.1666667 | M19: 14 | N19: 0 | P19: 0 | Q19: 0 | R19: 0 | S19: 0 | T19: 0 | U19: 0 | V19: 0 | W19: 0
A20: =IF(MONTH(B20)<10,"0"&MONTH(B20)&"月",MONTH(B20)&"月") -> 12月 | B20: 45266 | C20: No Portfolio | D20: USD | E20: PP6-1-WZX-YGH-V1-SP-M-广泛 | F20: YGH-V1-SP-B-大词 wood &wooden puzzle | G20: PZM-US-YGH-V1-1 | H20: B0CMJ85RH6 | I20: 5879 | J20: 11 | K20: 0.0018710665 | L20: 0.82636364 | M20: 9.09 | N20: 0 | P20: 0 | Q20: 0 | R20: 0 | S20: 0 | T20: 0 | U20: 0 | V20: 0 | W20: 0
A21: =IF(MONTH(B21)<10,"0"&MONTH(B21)&"月",MONTH(B21)&"月") -> 12月 | B21: 45266 | C21: No Portfolio | D21: USD | E21: PP6-1-WZX-YGH-SP-PT-CA | F21: SP-PT-12.6+0.1+01 | G21: PZM-US-YGH-V1-1 | H21: B0CMJ85RH6 | I21: 867 | J21: 5 | K21: 0.0057670127 | L21: 1.15 | M21: 5.75 | N21: 0 | P21: 0 | Q21: 0 | R21: 0 | S21: 0 | T21: 0 | U21: 0 | V21: 0 | W21: 0
A22: =IF(MONTH(B22)<10,"0"&MONTH(B22)&"月",MONTH(B22)&"月") -> 12月 | B22: 45265 | C22: No Portfolio | D22: USD | E22: PP6-1-WZX-YGH-V1-SP-A-观ROS-0.75 PP 0.5 -12.12关闭（流量偏向Adult | F22: YGH-V1-SP-A | G22: PZM-US-YGH-V1-1 | H22: B0CMJ85RH6 | I22: 2894 | J22: 16 | K22: 0.00552868 | L22: 0.7575 | M22: 12.12 | N22: 0 | P22: 0 | Q22: 0 | R22: 0 | S22: 0 | T22: 0 | U22: 0 | V22: 0 | W22: 0
A23: =IF(MONTH(B23)<10,"0"&MONTH(B23)&"月",MONTH(B23)&"月") -> 12月 | B23: 45266 | C23: No Portfolio | D23: USD | E23: PP6-1-WZX-YGH-V1-SP-A-观ROS-0.75 PP 0.5 -12.12关闭（流量偏向Adult | F23: YGH-V1-SP-A | G23: PZM-US-YGH-V1-1 | H23: B0CMJ85RH6 | I23: 10519 | J23: 20 | K23: 0.0019013214 | L23: 0.75 | M23: 15 | N23: 25.99 | O23: 0.57714506 | P23: 1.7326667 | Q23: 1 | R23: 1 | S23: 0.05 | T23: 1 | U23: 0 | V23: 25.99 | W23: 0
A24: =IF(MONTH(B24)<10,"0"&MONTH(B24)&"月",MONTH(B24)&"月") -> 12月 | B24: 45269 | C24: No Portfolio | D24: USD | E24: PP6-1-WZX-YGH-V1-SP-A-观ROS-0.75 PP 0.5 -12.12关闭（流量偏向Adult | F24: YGH-V1-SP-A | G24: PZM-US-YGH-V1-1 | H24: B0CMJ85RH6 | I24: 408 | J24: 8 | K24: 0.019607843 | L24: 0.67625 | M24: 5.41 | N24: 0 | P24: 0 | Q24: 0 | R24: 0 | S24: 0 | T24: 0 | U24: 0 | V24: 0 | W24: 0
A25: =IF(MONTH(B25)<10,"0"&MONTH(B25)&"月",MONTH(B25)&"月") -> 12月 | B25: 45270 | C25: No Portfolio | D25: USD | E25: PP6-1-WZX-YGH-V1-SP-A-观ROS-0.75 PP 0.5 -12.12关闭（流量偏向Adult | F25: YGH-V1-SP-A | G25: PZM-US-YGH-V1-1 | H25: B0CMJ85RH6 | I25: 1449 | J25: 9 | K25: 0.0062111801 | L25: 0.66111111 | M25: 5.95 | N25: 0 | P25: 0 | Q25: 0 | R25: 0 | S25: 0 | T25: 0 | U25: 0 | V25: 0 | W25: 0
A26: =IF(MONTH(B26)<10,"0"&MONTH(B26)&"月",MONTH(B26)&"月") -> 12月 | B26: 45271 | C26: No Portfolio | D26: USD | E26: PP6-1-WZX-YGH-V1-SP-A-观ROS-0.75 PP 0.5 -12.12关闭（流量偏向Adult | F26: YGH-V1-SP-A | G26: PZM-US-YGH-V1-1 | H26: B0CMJ85RH6 | I26: 4452 | J26: 19 | K26: 0.0042677448 | L26: 0.55 | M26: 10.45 | N26: 0 | P26: 0 | Q26: 0 | R26: 0 | S26: 0 | T26: 0 | U26: 0 | V26: 0 | W26: 0
A27: =IF(MONTH(B27)<10,"0"&MONTH(B27)&"月",MONTH(B27)&"月") -> 12月 | B27: 45268 | C27: No Portfolio | D27: USD | E27: PP6-1-WZX-XBJ-V1-SP-M-E-长尾词kid 12.11加词 | F27: YYH-V1-12月12日启动-精推词3d puzzles for kids ages 12-14（XBJ-V1-12.8建，12.11-YGH-close）-3d puzzles for kids ages 观察出单词流量变化 | G27: PZM-US-XBJ-V1-1 | H27: B0CMHNDQT8 | I27: 3775 | J27: 4 | K27: 0.0010596026 | L27: 0.88 | M27: 3.52 | N27: 25.98 | O27: 0.13548884 | P27: 7.3806818 | Q27: 1 | R27: 2 | S27: 0.25 | T27: 2 | U27: 0 | V27: 25.98 | W27: 0
A28: =IF(MONTH(B28)<10,"0"&MONTH(B28)&"月",MONTH(B28)&"月") -> 12月 | B28: 45269 | C28: No Portfolio | D28: USD | E28: PP6-1-WZX-XBJ-V1-SP-M-E-长尾词kid 12.11加词 | F28: YYH-V1-12月12日启动-精推词3d puzzles for kids ages 12-14（XBJ-V1-12.8建，12.11-YGH-close）-3d puzzles for kids ages 观察出单词流量变化 | G28: PZM-US-XBJ-V1-1 | H28: B0CMHNDQT8 | I28: 6592 | J28: 9 | K28: 0.0013652913 | L28: 1.0844444 | M28: 9.76 | N28: 0 | P28: 0 | Q28: 0 | R28: 0 | S28: 0 | T28: 0 | U28: 0 | V28: 0 | W28: 0
A29: =IF(MONTH(B29)<10,"0"&MONTH(B29)&"月",MONTH(B29)&"月") -> 12月 | B29: 45270 | C29: No Portfolio | D29: USD | E29: PP6-1-WZX-XBJ-V1-SP-M-E-长尾词kid 12.11加词 | F29: YYH-V1-12月12日启动-精推词3d puzzles for kids ages 12-14（XBJ-V1-12.8建，12.11-YGH-close）-3d puzzles for kids ages 观察出单词流量变化 | G29: PZM-US-XBJ-V1-1 | H29: B0CMHNDQT8 | I29: 2386 | J29: 0 | K29: 0 | M29: 0 | N29: 0 | Q29: 0 | R29: 0 | T29: 0 | U29: 0 | V29: 0 | W29: 0
A30: =IF(MONTH(B30)<10,"0"&MONTH(B30)&"月",MONTH(B30)&"月") -> 12月 | B30: 45271 | C30: No Portfolio | D30: USD | E30: PP6-1-WZX-XBJ-V1-SP-M-E-长尾词kid 12.11加词 | F30: YYH-V1-12月12日启动-精推词3d puzzles for kids ages 12-14（XBJ-V1-12.8建，12.11-YGH-close）-3d puzzles for kids ages 观察出单词流量变化 | G30: PZM-US-XBJ-V1-1 | H30: B0CMHNDQT8 | I30: 9975 | J30: 16 | K30: 0.00160401 | L30: 0.94125 | M30: 15.06 | N30: 0 | P30: 0 | Q30: 0 | R30: 0 | S30: 0 | T30: 0 | U30: 0 | V30: 0 | W30: 0
A31: =IF(MONTH(B31)<10,"0"&MONTH(B31)&"月",MONTH(B31)&"月") -> 12月 | B31: 45272 | C31: No Portfolio | D31: USD | E31: PP6-1-WZX-XBJ-V1-SP-M-E-长尾词kid 12.11加词 | F31: YYH-V1-12月12日启动-精推词3d puzzles for kids ages 12-14（XBJ-V1-12.8建，12.11-YGH-close）-3d puzzles for kids ages 观察出单词流量变化 | G31: PZM-US-XBJ-V1-1 | H31: B0CMHNDQT8 | I31: 5008 | J31: 12 | K31: 0.0023961661 | L31: 1.0341667 | M31: 12.41 | N31: 0 | P31: 0 | Q31: 0 | R31: 0 | S31: 0 | T31: 0 | U31: 0 | V31: 0 | W31: 0
A32: =IF(MONTH(B32)<10,"0"&MONTH(B32)&"月",MONTH(B32)&"月") -> 12月 | B32: 45269 | C32: No Portfolio | D32: USD | E32: PP6-1-WZX-XBJ-V1-SP-A-12-0.03+f/12.12-保持ROS0.91 | F32: XBJ-V1-12.12F-12.10 | G32: PZM-US-XBJ-V1-1 | H32: B0CMHNDQT8 | I32: 2346 | J32: 23 | K32: 0.0098039216 | L32: 1.0565217 | M32: 24.3 | N32: 12.99 | O32: 1.8706697 | P32: 0.5345679 | Q32: 1 | R32: 1 | S32: 0.043478261 | T32: 1 | U32: 0 | V32: 12.99 | W32: 0
A33: =IF(MONTH(B33)<10,"0"&MONTH(B33)&"月",MONTH(B33)&"月") -> 12月 | B33: 45270 | C33: No Portfolio | D33: USD | E33: PP6-1-WZX-XBJ-V1-SP-A-12-0.03+f/12.12-保持ROS0.91 | F33: XBJ-V1-12.12F-12.10 | G33: PZM-US-XBJ-V1-1 | H33: B0CMHNDQT8 | I33: 2347 | J33: 12 | K33: 0.0051129101 | L33: 0.8125 | M33: 9.75 | N33: 0 | P33: 0 | Q33: 0 | R33: 0 | S33: 0 | T33: 0 | U33: 0 | V33: 0 | W33: 0
A34: =IF(MONTH(B34)<10,"0"&MONTH(B34)&"月",MONTH(B34)&"月") -> 12月 | B34: 45271 | C34: No Portfolio | D34: USD | E34: PP6-1-WZX-XBJ-V1-SP-A-12-0.03+f/12.12-保持ROS0.91 | F34: XBJ-V1-12.12F-12.10 | G34: PZM-US-XBJ-V1-1 | H34: B0CMHNDQT8 | I34: 7312 | J34: 47 | K34: 0.0064277899 | L34: 0.85191489 | M34: 40.04 | N34: 51.96 | O34: 0.77059276 | P34: 1.2977023 | Q34: 4 | R34: 4 | S34: 0.085106383 | T34: 4 | U34: 0 | V34: 51.96 | W34: 0
A35: =IF(MONTH(B35)<10,"0"&MONTH(B35)&"月",MONTH(B35)&"月") -> 12月 | B35: 45272 | C35: No Portfolio | D35: USD | E35: PP6-1-WZX-XBJ-V1-SP-A-12-0.03+f/12.12-保持ROS0.91 | F35: XBJ-V1-12.12F-12.10 | G35: PZM-US-XBJ-V1-1 | H35: B0CMHNDQT8 | I35: 8718 | J35: 40 | K35: 0.0045882083 | L35: 0.8105 | M35: 32.42 | N35: 0 | P35: 0 | Q35: 0 | R35: 0 | S35: 0 | T35: 0 | U35: 0 | V35: 0 | W35: 0
A36: =IF(MONTH(B36)<10,"0"&MONTH(B36)&"月",MONTH(B36)&"月") -> 12月 | B36: 45273 | C36: No Portfolio | D36: USD | E36: PP6-1-WZX-XBJ-V1-SP-A-12-0.03+f/12.12-保持ROS0.91 | F36: XBJ-V1-12.12F-12.10 | G36: PZM-US-XBJ-V1-1 | H36: B0CMHNDQT8 | I36: 4216 | J36: 18 | K36: 0.0042694497 | L36: 0.74277778 | M36: 13.37 | N36: 0 | P36: 0 | Q36: 0 | R36: 0 | S36: 0 | T36: 0 | U36: 0 | V36: 0 | W36: 0
A37: =IF(MONTH(B37)<10,"0"&MONTH(B37)&"月",MONTH(B37)&"月") -> 12月 | B37: 45274 | C37: No Portfolio | D37: USD | E37: PP6-1-WZX-XBJ-V1-SP-A-12-0.03+f/12.12-保持ROS0.91 | F37: XBJ-V1-12.12F-12.10 | G37: PZM-US-XBJ-V1-1 | H37: B0CMHNDQT8 | I37: 5491 | J37: 10 | K37: 0.0018211619 | L37: 0.808 | M37: 8.08 | N37: 0 | P37: 0 | Q37: 0 | R37: 0 | S37: 0 | T37: 0 | U37: 0 | V37: 0 | W37: 0
A38: =IF(MONTH(B38)<10,"0"&MONTH(B38)&"月",MONTH(B38)&"月") -> 12月 | B38: 45269 | C38: No Portfolio | D38: USD | E38: PP6-1-WZX-XBJ-V1-SP-A-12-0.03+f/12.12-保持ROS0.91 | F38: YGH-V1-12.10关闭 | G38: PZM-US-YGH-V1-1 | H38: B0CMJ85RH6 | I38: 2921 | J38: 20 | K38: 0.0068469702 | L38: 0.791 | M38: 15.82 | N38: 0 | P38: 0 | Q38: 0 | R38: 0 | S38: 0 | T38: 0 | U38: 0 | V38: 0 | W38: 0
A39: =IF(MONTH(B39)<10,"0"&MONTH(B39)&"月",MONTH(B39)&"月") -> 12月 | B39: 45269 | C39: No Portfolio | D39: USD | E39: PP6-1-WZX-XBJ-V1-SP-M-E-长尾词kid 12.11加词 | F39: YYH-V1-12月12日启动-精推词3d puzzles for kids ages 12-14（XBJ-V1-12.8建，12.11-YGH-close）-3d puzzles for kids ages 观察出单词流量变化 | G39: PZM-US-YGH-V1-1 | H39: B0CMJ85RH6 | I39: 1963 | J39: 18 | K39: 0.0091696383 | L39: 1.1038889 | M39: 19.87 | N39: 25.99 | O39: 0.76452482 | P39: 1.308002 | Q39: 1 | R39: 1 | S39: 0.055555556 | T39: 1 | U39: 0 | V39: 25.99 | W39: 0
A40: =IF(MONTH(B40)<10,"0"&MONTH(B40)&"月",MONTH(B40)&"月") -> 12月 | B40: 45270 | C40: No Portfolio | D40: USD | E40: PP6-1-WZX-XBJ-V1-SP-M-E-长尾词kid 12.11加词 | F40: YYH-V1-12月12日启动-精推词3d puzzles for kids ages 12-14（XBJ-V1-12.8建，12.11-YGH-close）-3d puzzles for kids ages 观察出单词流量变化 | G40: PZM-US-YGH-V1-1 | H40: B0CMJ85RH6 | I40: 2160 | J40: 16 | K40: 0.0074074074 | L40: 1.241875 | M40: 19.87 | N40: 0 | P40: 0 | Q40: 0 | R40: 0 | S40: 0 | T40: 0 | U40: 0 | V40: 0 | W40: 0
A41: =IF(MONTH(B41)<10,"0"&MONTH(B41)&"月",MONTH(B41)&"月") -> 12月 | B41: 45269 | C41: No Portfolio | D41: USD | E41: PP6-1-WZX-XBJ-V1-SP-M-E-长尾词kid 12.11加词 | F41: YYH-V1-12月12日启动-精推词3d puzzles for kids ages 12-14（XBJ-V1-12.8建，12.11-YGH-close）-3d puzzles for kids ages 观察出单词流量变化 | G41: PZM-US-YYH-V1-1 | H41: B0CM9F3CXY | I41: 2591 | J41: 1 | K41: 0.00038595137 | L41: 1.05 | M41: 1.05 | N41: 0 | P41: 0 | Q41: 0 | R41: 0 | S41: 0 | T41: 0 | U41: 0 | V41: 0 | W41: 0
A42: =IF(MONTH(B42)<10,"0"&MONTH(B42)&"月",MONTH(B42)&"月") -> 12月 | B42: 45270 | C42: No Portfolio | D42: USD | E42: PP6-1-WZX-XBJ-V1-SP-M-E-长尾词kid 12.11加词 | F42: YYH-V1-12月12日启动-精推词3d puzzles for kids ages 12-14（XBJ-V1-12.8建，12.11-YGH-close）-3d puzzles for kids ages 观察出单词流量变化 | G42: PZM-US-YYH-V1-1 | H42: B0CM9F3CXY | I42: 3759 | J42: 9 | K42: 0.0023942538 | L42: 1.2244444 | M42: 11.02 | N42: 59.98 | O42: 0.18372791 | P42: 5.4428312 | Q42: 2 | R42: 2 | S42: 0.22222222 | T42: 2 | U42: 0 | V42: 59.98 | W42: 0
A43: =IF(MONTH(B43)<10,"0"&MONTH(B43)&"月",MONTH(B43)&"月") -> 12月 | B43: 45271 | C43: No Portfolio | D43: USD | E43: PP6-1-WZX-XBJ-V1-SP-M-E-长尾词kid 12.11加词 | F43: YYH-V1-12月12日启动-精推词3d puzzles for kids ages 12-14（XBJ-V1-12.8建，12.11-YGH-close）-3d puzzles for kids ages 观察出单词流量变化 | G43: PZM-US-YYH-V1-1 | H43: B0CM9F3CXY | I43: 9263 | J43: 6 | K43: 0.00064773831 | L43: 0.94833333 | M43: 5.69 | N43: 0 | P43: 0 | Q43: 0 | R43: 0 | S43: 0 | T43: 0 | U43: 0 | V43: 0 | W43: 0
A44: =IF(MONTH(B44)<10,"0"&MONTH(B44)&"月",MONTH(B44)&"月") -> 12月 | B44: 45272 | C44: No Portfolio | D44: USD | E44: PP6-1-WZX-XBJ-V1-SP-M-E-长尾词kid 12.11加词 | F44: YYH-V1-12月12日启动-精推词3d puzzles for kids ages 12-14（XBJ-V1-12.8建，12.11-YGH-close）-3d puzzles for kids ages 观察出单词流量变化 | G44: PZM-US-YYH-V1-1 | H44: B0CM9F3CXY | I44: 293 | J44: 0 | K44: 0 | M44: 0 | N44: 0 | Q44: 0 | R44: 0 | T44: 0 | U44: 0 | V44: 0 | W44: 0
A45: =IF(MONTH(B45)<10,"0"&MONTH(B45)&"月",MONTH(B45)&"月") -> 12月 | B45: 45273 | C45: No Portfolio | D45: USD | E45: PP6-1-WZX-XBJ-V1-SP-M-E-长尾词kid 12.11加词 | F45: YYH-V1-12月12日启动-精推词3d puzzles for kids ages 12-14（XBJ-V1-12.8建，12.11-YGH-close）-3d puzzles for kids ages 观察出单词流量变化 | G45: PZM-US-YYH-V1-1 | H45: B0CM9F3CXY | I45: 8 | J45: 0 | K45: 0 | M45: 0 | N45: 0 | Q45: 0 | R45: 0 | T45: 0 | U45: 0 | V45: 0 | W45: 0
A46: =IF(MONTH(B46)<10,"0"&MONTH(B46)&"月",MONTH(B46)&"月") -> 12月 | B46: 45270 | C46: No Portfolio | D46: USD | E46: PP6-1-WZX-YYH-V1-SP-M-E -Christmas 相关词12.14单独音乐盒-位置加价 | F46: Christmas相关词 -wooden christmas puzzle for adults 出单词12.13加 | G46: PZM-US-YGH-V1-1 | H46: B0CMJ85RH6 | I46: 7 | J46: 0 | K46: 0 | M46: 0 | N46: 0 | Q46: 0 | R46: 0 | T46: 0 | U46: 0 | V46: 0 | W46: 0
A47: =IF(MONTH(B47)<10,"0"&MONTH(B47)&"月",MONTH(B47)&"月") -> 12月 | B47: 45271 | C47: No Portfolio | D47: USD | E47: PP6-1-WZX-YYH-V1-SP-M-E -Christmas 相关词12.14单独音乐盒-位置加价 | F47: Christmas相关词 -wooden christmas puzzle for adults 出单词12.13加 | G47: PZM-US-YGH-V1-1 | H47: B0CMJ85RH6 | I47: 3297 | J47: 6 | K47: 0.0018198362 | L47: 0.74166667 | M47: 4.45 | N47: 0 | P47: 0 | Q47: 0 | R47: 0 | S47: 0 | T47: 0 | U47: 0 | V47: 0 | W47: 0
A48: =IF(MONTH(B48)<10,"0"&MONTH(B48)&"月",MONTH(B48)&"月") -> 12月 | B48: 45272 | C48: No Portfolio | D48: USD | E48: PP6-1-WZX-YYH-V1-SP-M-E -Christmas 相关词12.14单独音乐盒-位置加价 | F48: Christmas相关词 -wooden christmas puzzle for adults 出单词12.13加 | G48: PZM-US-YGH-V1-1 | H48: B0CMJ85RH6 | I48: 2992 | J48: 11 | K48: 0.0036764706 | L48: 0.84636364 | M48: 9.31 | N48: 0 | P48: 0 | Q48: 0 | R48: 0 | S48: 0 | T48: 0 | U48: 0 | V48: 0 | W48: 0
A49: =IF(MONTH(B49)<10,"0"&MONTH(B49)&"月",MONTH(B49)&"月") -> 12月 | B49: 45270 | C49: No Portfolio | D49: USD | E49: PP6-1-WZX-YYH-V1-SP-M-E -Christmas 相关词12.14单独音乐盒-位置加价 | F49: Christmas相关词 -wooden christmas puzzle for adults 出单词12.13加 | G49: PZM-US-YYH-V1-1 | H49: B0CM9F3CXY | I49: 6 | J49: 0 | K49: 0 | M49: 0 | N49: 0 | Q49: 0 | R49: 0 | T49: 0 | U49: 0 | V49: 0 | W49: 0
A50: =IF(MONTH(B50)<10,"0"&MONTH(B50)&"月",MONTH(B50)&"月") -> 12月 | B50: 45271 | C50: No Portfolio | D50: USD | E50: PP6-1-WZX-YYH-V1-SP-M-E -Christmas 相关词12.14单独音乐盒-位置加价 | F50: Christmas相关词 -wooden christmas puzzle for adults 出单词12.13加 | G50: PZM-US-YYH-V1-1 | H50: B0CM9F3CXY | I50: 679 | J50: 3 | K50: 0.0044182622 | L50: 0.72333333 | M50: 2.17 | N50: 29.99 | O50: 0.072357452 | P50: 13.820276 | Q50: 1 | R50: 1 | S50: 0.33333333 | T50: 1 | U50: 0 | V50: 29.99 | W50: 0
A51: =IF(MONTH(B51)<10,"0"&MONTH(B51)&"月",MONTH(B51)&"月") -> 12月 | B51: 45272 | C51: No Portfolio | D51: USD | E51: PP6-1-WZX-YYH-V1-SP-M-E -Christmas 相关词12.14单独音乐盒-位置加价 | F51: Christmas相关词 -wooden christmas puzzle for adults 出单词12.13加 | G51: PZM-US-YYH-V1-1 | H51: B0CM9F3CXY | I51: 1238 | J51: 2 | K51: 0.0016155089 | L51: 0.895 | M51: 1.79 | N51: 0 | P51: 0 | Q51: 0 | R51: 0 | S51: 0 | T51: 0 | U51: 0 | V51: 0 | W51: 0
A52: =IF(MONTH(B52)<10,"0"&MONTH(B52)&"月",MONTH(B52)&"月") -> 12月 | B52: 45273 | C52: No Portfolio | D52: USD | E52: PP6-1-WZX-YYH-V1-SP-M-E -Christmas 相关词12.14单独音乐盒-位置加价 | F52: Christmas相关词 -wooden christmas puzzle for adults 出单词12.13加 | G52: PZM-US-YYH-V1-1 | H52: B0CM9F3CXY | I52: 1495 | J52: 5 | K52: 0.0033444816 | L52: 0.958 | M52: 4.79 | N52: 29.99 | O52: 0.15971991 | P52: 6.2609603 | Q52: 1 | R52: 1 | S52: 0.2 | T52: 1 | U52: 0 | V52: 29.99 | W52: 0
A53: =IF(MONTH(B53)<10,"0"&MONTH(B53)&"月",MONTH(B53)&"月") -> 12月 | B53: 45274 | C53: No Portfolio | D53: USD | E53: PP6-1-WZX-YYH-V1-SP-M-E -Christmas 相关词12.14单独音乐盒-位置加价 | F53: Christmas相关词 -wooden christmas puzzle for adults 出单词12.13加 | G53: PZM-US-YYH-V1-1 | H53: B0CM9F3CXY | I53: 3172 | J53: 6 | K53: 0.0018915511 | L53: 1.2316667 | M53: 7.39 | N53: 0 | P53: 0 | Q53: 0 | R53: 0 | S53: 0 | T53: 0 | U53: 0 | V53: 0 | W53: 0
A54: =IF(MONTH(B54)<10,"0"&MONTH(B54)&"月",MONTH(B54)&"月") -> 12月 | B54: 45270 | C54: No Portfolio | D54: USD | E54: PP6-1-WZX-YYH-V1-SP-M-E -Christmas 相关词12.14单独音乐盒-位置加价 | F54: Christmas相关词 -wooden christmas puzzle for adults 出单词12.13加 | G54: PZM-US-XBJ-V1-1 | H54: B0CMHNDQT8 | I54: 0 | J54: 0 | M54: 0 | N54: 0 | Q54: 0 | R54: 0 | T54: 0 | U54: 0 | V54: 0 | W54: 0
A55: =IF(MONTH(B55)<10,"0"&MONTH(B55)&"月",MONTH(B55)&"月") -> 12月 | B55: 45271 | C55: No Portfolio | D55: USD | E55: PP6-1-WZX-YYH-V1-SP-M-E -Christmas 相关词12.14单独音乐盒-位置加价 | F55: Christmas相关词 -wooden christmas puzzle for adults 出单词12.13加 | G55: PZM-US-XBJ-V1-1 | H55: B0CMHNDQT8 | I55: 713 | J55: 5 | K55: 0.0070126227 | L55: 0.752 | M55: 3.76 | N55: 0 | P55: 0 | Q55: 0 | R55: 0 | S55: 0 | T55: 0 | U55: 0 | V55: 0 | W55: 0
A56: =IF(MONTH(B56)<10,"0"&MONTH(B56)&"月",MONTH(B56)&"月") -> 12月 | B56: 45272 | C56: No Portfolio | D56: USD | E56: PP6-1-WZX-YYH-V1-SP-M-E -Christmas 相关词12.14单独音乐盒-位置加价 | F56: Christmas相关词 -wooden christmas puzzle for adults 出单词12.13加 | G56: PZM-US-XBJ-V1-1 | H56: B0CMHNDQT8 | I56: 1656 | J56: 6 | K56: 0.0036231884 | L56: 0.87 | M56: 5.22 | N56: 0 | P56: 0 | Q56: 0 | R56: 0 | S56: 0 | T56: 0 | U56: 0 | V56: 0 | W56: 0
A57: =IF(MONTH(B57)<10,"0"&MONTH(B57)&"月",MONTH(B57)&"月") -> 12月 | B57: 45273 | C57: No Portfolio | D57: USD | E57: PP6-1-WZX-YYH-V1-SP-M-E -Christmas 相关词12.14单独音乐盒-位置加价 | F57: Christmas相关词 -wooden christmas puzzle for adults 出单词12.13加 | G57: PZM-US-XBJ-V1-1 | H57: B0CMHNDQT8 | I57: 1717 | J57: 5 | K57: 0.0029120559 | L57: 0.8 | M57: 4 | N57: 0 | P57: 0 | Q57: 0 | R57: 0 | S57: 0 | T57: 0 | U57: 0 | V57: 0 | W57: 0
A58: =IF(MONTH(B58)<10,"0"&MONTH(B58)&"月",MONTH(B58)&"月") -> 12月 | B58: 45274 | C58: No Portfolio | D58: USD | E58: PP6-1-WZX-YYH-V1-SP-M-E -Christmas 相关词12.14单独音乐盒-位置加价 | F58: Christmas相关词 -wooden christmas puzzle for adults 出单词12.13加 | G58: PZM-US-XBJ-V1-1 | H58: B0CMHNDQT8 | I58: 43 | J58: 0 | K58: 0 | M58: 0 | N58: 0 | Q58: 0 | R58: 0 | T58: 0 | U58: 0 | V58: 0 | W58: 0
A59: =IF(MONTH(B59)<10,"0"&MONTH(B59)&"月",MONTH(B59)&"月") -> 12月 | B59: 45270 | C59: No Portfolio | D59: USD | E59: PP6-1-WZX-YYH-V1-SP-M-E-music box-出单词-自然在首页观察12.14 | F59: YYH-V1出单词wooden puzzle music box 12.15降bid首页 | G59: PZM-US-YYH-V1-1 | H59: B0CM9F3CXY | I59: 10 | J59: 0 | K59: 0 | M59: 0 | N59: 0 | Q59: 0 | R59: 0 | T59: 0 | U59: 0 | V59: 0 | W59: 0
A60: =IF(MONTH(B60)<10,"0"&MONTH(B60)&"月",MONTH(B60)&"月") -> 12月 | B60: 45271 | C60: No Portfolio | D60: USD | E60: PP6-1-WZX-YYH-V1-SP-M-E-music box-出单词-自然在首页观察12.14 | F60: YYH-V1出单词wooden puzzle music box 12.15降bid首页 | G60: PZM-US-YYH-V1-1 | H60: B0CM9F3CXY | I60: 4398 | J60: 11 | K60: 0.0025011369 | L60: 1.0072727 | M60: 11.08 | N60: 29.99 | O60: 0.36945649 | P60: 2.7066787 | Q60: 1 | R60: 1 | S60: 0.090909091 | T60: 1 | U60: 0 | V60: 29.99 | W60: 0
A61: =IF(MONTH(B61)<10,"0"&MONTH(B61)&"月",MONTH(B61)&"月") -> 12月 | B61: 45272 | C61: No Portfolio | D61: USD | E61: PP6-1-WZX-YYH-V1-SP-M-E-music box-出单词-自然在首页观察12.14 | F61: YYH-V1出单词wooden puzzle music box 12.15降bid首页 | G61: PZM-US-YYH-V1-1 | H61: B0CM9F3CXY | I61: 6217 | J61: 13 | K61: 0.0020910407 | L61: 1.2023077 | M61: 15.63 | N61: 59.98 | O61: 0.26058686 | P61: 3.837492 | Q61: 2 | R61: 2 | S61: 0.15384615 | T61: 2 | U61: 0 | V61: 59.98 | W61: 0
A62: =IF(MONTH(B62)<10,"0"&MONTH(B62)&"月",MONTH(B62)&"月") -> 12月 | B62: 45273 | C62: No Portfolio | D62: USD | E62: PP6-1-WZX-YYH-V1-SP-M-E-music box-出单词-自然在首页观察12.14 | F62: YYH-V1出单词wooden puzzle music box 12.15降bid首页 | G62: PZM-US-YYH-V1-1 | H62: B0CM9F3CXY | I62: 5210 | J62: 16 | K62: 0.0030710173 | L62: 1.2125 | M62: 19.4 | N62: 0 | P62: 0 | Q62: 0 | R62: 0 | S62: 0 | T62: 0 | U62: 0 | V62: 0 | W62: 0
A63: =IF(MONTH(B63)<10,"0"&MONTH(B63)&"月",MONTH(B63)&"月") -> 12月 | B63: 45274 | C63: No Portfolio | D63: USD | E63: PP6-1-WZX-YYH-V1-SP-M-E-music box-出单词-自然在首页观察12.14 | F63: YYH-V1出单词wooden puzzle music box 12.15降bid首页 | G63: PZM-US-YYH-V1-1 | H63: B0CM9F3CXY | I63: 2759 | J63: 10 | K63: 0.0036245016 | L63: 1.121 | M63: 11.21 | N63: 0 | P63: 0 | Q63: 0 | R63: 0 | S63: 0 | T63: 0 | U63: 0 | V63: 0 | W63: 0
A64: =IF(MONTH(B64)<10,"0"&MONTH(B64)&"月",MONTH(B64)&"月") -> 12月 | B64: 45271 | C64: No Portfolio | D64: USD | E64: PP6-1-WZX-YGH-V1-SP-M-B-12.14位置加价 | F64: YGH-V1-SP-B | G64: PZM-US-YGH-V1-1 | H64: B0CMJ85RH6 | I64: 1025 | J64: 6 | K64: 0.0058536585 | L64: 0.69833333 | M64: 4.19 | N64: 0 | P64: 0 | Q64: 0 | R64: 0 | S64: 0 | T64: 0 | U64: 0 | V64: 0 | W64: 0
A65: =IF(MONTH(B65)<10,"0"&MONTH(B65)&"月",MONTH(B65)&"月") -> 12月 | B65: 45272 | C65: No Portfolio | D65: USD | E65: PP6-1-WZX-YGH-V1-SP-M-B-12.14位置加价 | F65: YGH-V1-SP-B | G65: PZM-US-YGH-V1-1 | H65: B0CMJ85RH6 | I65: 1806 | J65: 11 | K65: 0.0060908084 | L65: 0.97727273 | M65: 10.75 | N65: 0 | P65: 0 | Q65: 0 | R65: 0 | S65: 0 | T65: 0 | U65: 0 | V65: 0 | W65: 0
A66: =IF(MONTH(B66)<10,"0"&MONTH(B66)&"月",MONTH(B66)&"月") -> 12月 | B66: 45273 | C66: No Portfolio | D66: USD | E66: PP6-1-WZX-YGH-V1-SP-M-B-12.14位置加价 | F66: YGH-V1-SP-B | G66: PZM-US-YGH-V1-1 | H66: B0CMJ85RH6 | I66: 416 | J66: 10 | K66: 0.024038462 | L66: 0.955 | M66: 9.55 | N66: 23.39 | O66: 0.40829414 | P66: 2.4492147 | Q66: 1 | R66: 1 | S66: 0.1 | T66: 1 | U66: 0 | V66: 23.39 | W66: 0
A67: =IF(MONTH(B67)<10,"0"&MONTH(B67)&"月",MONTH(B67)&"月") -> 12月 | B67: 45274 | C67: No Portfolio | D67: USD | E67: PP6-1-WZX-YGH-V1-SP-M-B-12.14位置加价 | F67: YGH-V1-SP-B | G67: PZM-US-YGH-V1-1 | H67: B0CMJ85RH6 | I67: 1020 | J67: 15 | K67: 0.014705882 | L67: 1.0313333 | M67: 15.47 | N67: 0 | P67: 0 | Q67: 0 | R67: 0 | S67: 0 | T67: 0 | U67: 0 | V67: 0 | W67: 0
A68: =IF(MONTH(B68)<10,"0"&MONTH(B68)&"月",MONTH(B68)&"月") -> 12月 | B68: 45271 | C68: No Portfolio | D68: USD | E68: PP6-1-WZX-XBJ-V1-SP-M-E-长尾词kid 12.11加词 | F68: YYH-V1-SP-M-E | G68: PZM-US-YYH-V1-1 | H68: B0CM9F3CXY | I68: 93 | J68: 0 | K68: 0 | M68: 0 | N68: 0 | Q68: 0 | R68: 0 | T68: 0 | U68: 0 | V68: 0 | W68: 0
A69: =IF(MONTH(B69)<10,"0"&MONTH(B69)&"月",MONTH(B69)&"月") -> 12月 | B69: 45271 | C69: No Portfolio | D69: USD | E69: PP6-1-WZX-XBJ-V1-SP-M-B-12.14位置加价 | F69: XBJ-V1-SP-M-B-12.12f-12.13f | G69: PZM-US-XBJ-V1-1 | H69: B0CMHNDQT8 | I69: 5328 | J69: 30 | K69: 0.0056306306 | L69: 0.839 | M69: 25.17 | N69: 77.96 | O69: 0.32285788 | P69: 3.0973381 | Q69: 4 | R69: 4 | S69: 0.13333333 | T69: 2 | U69: 2 | V69: 25.98 | W69: 51.98
A70: =IF(MONTH(B70)<10,"0"&MONTH(B70)&"月",MONTH(B70)&"月") -> 12月 | B70: 45272 | C70: No Portfolio | D70: USD | E70: PP6-1-WZX-XBJ-V1-SP-M-B-12.14位置加价 | F70: XBJ-V1-SP-M-B-12.12f-12.13f | G70: PZM-US-XBJ-V1-1 | H70: B0CMHNDQT8 | I70: 11080 | J70: 35 | K70: 0.0031588448 | L70: 0.87 | M70: 30.45 | N70: 25.98 | O70: 1.1720554 | P70: 0.85320197 | Q70: 2 | R70: 2 | S70: 0.057142857 | T70: 2 | U70: 0 | V70: 25.98 | W70: 0
A71: =IF(MONTH(B71)<10,"0"&MONTH(B71)&"月",MONTH(B71)&"月") -> 12月 | B71: 45273 | C71: No Portfolio | D71: USD | E71: PP6-1-WZX-XBJ-V1-SP-M-B-12.14位置加价 | F71: XBJ-V1-SP-M-B-12.12f-12.13f | G71: PZM-US-XBJ-V1-1 | H71: B0CMHNDQT8 | I71: 5728 | J71: 35 | K71: 0.0061103352 | L71: 0.87228571 | M71: 30.53 | N71: 124.72 | O71: 0.24478833 | P71: 4.0851621 | Q71: 3 | R71: 8 | S71: 0.085714286 | T71: 6 | U71: 2 | V71: 77.94 | W71: 46.78
A72: =IF(MONTH(B72)<10,"0"&MONTH(B72)&"月",MONTH(B72)&"月") -> 12月 | B72: 45274 | C72: No Portfolio | D72: USD | E72: PP6-1-WZX-XBJ-V1-SP-M-B-12.14位置加价 | F72: XBJ-V1-SP-M-B-12.12f-12.13f | G72: PZM-US-XBJ-V1-1 | H72: B0CMHNDQT8 | I72: 9711 | J72: 26 | K72: 0.0026773762 | L72: 0.98192308 | M72: 25.53 | N72: 0 | P72: 0 | Q72: 0 | R72: 0 | S72: 0 | T72: 0 | U72: 0 | V72: 0 | W72: 0
A73: =IF(MONTH(B73)<10,"0"&MONTH(B73)&"月",MONTH(B73)&"月") -> 12月 | B73: 45271 | C73: No Portfolio | D73: USD | E73: PP6-1-WZX-YYH-V1-SP-M-E | F73: 3d puzzles for kids ages 8-10 精准词-二级词12.11J- | G73: PZM-US-YYH-V1-1 | H73: B0CM9F3CXY | I73: 820 | J73: 0 | K73: 0 | M73: 0 | N73: 0 | Q73: 0 | R73: 0 | T73: 0 | U73: 0 | V73: 0 | W73: 0
A74: =IF(MONTH(B74)<10,"0"&MONTH(B74)&"月",MONTH(B74)&"月") -> 12月 | B74: 45272 | C74: No Portfolio | D74: USD | E74: PP6-1-WZX-YYH-V1-SP-M-E | F74: 3d puzzles for kids ages 8-10 精准词-二级词12.11J- | G74: PZM-US-YYH-V1-1 | H74: B0CM9F3CXY | I74: 15919 | J74: 28 | K74: 0.0017589045 | L74: 1.1564286 | M74: 32.38 | N74: 23.39 | O74: 1.3843523 | P74: 0.72235948 | Q74: 1 | R74: 1 | S74: 0.035714286 | T74: 0 | U74: 1 | V74: 0 | W74: 23.39
A75: =IF(MONTH(B75)<10,"0"&MONTH(B75)&"月",MONTH(B75)&"月") -> 12月 | B75: 45273 | C75: No Portfolio | D75: USD | E75: PP6-1-WZX-YYH-V1-SP-M-E | F75: 3d puzzles for kids ages 8-10 精准词-二级词12.11J- | G75: PZM-US-YYH-V1-1 | H75: B0CM9F3CXY | I75: 7050 | J75: 20 | K75: 0.0028368794 | L75: 1.0925 | M75: 21.85 | N75: 59.98 | O75: 0.3642881 | P75: 2.7450801 | Q75: 2 | R75: 2 | S75: 0.1 | T75: 2 | U75: 0 | V75: 59.98 | W75: 0
A76: =IF(MONTH(B76)<10,"0"&MONTH(B76)&"月",MONTH(B76)&"月") -> 12月 | B76: 45274 | C76: No Portfolio | D76: USD | E76: PP6-1-WZX-YYH-V1-SP-M-E | F76: 3d puzzles for kids ages 8-10 精准词-二级词12.11J- | G76: PZM-US-YYH-V1-1 | H76: B0CM9F3CXY | I76: 2557 | J76: 3 | K76: 0.0011732499 | L76: 1.1033333 | M76: 3.31 | N76: 0 | P76: 0 | Q76: 0 | R76: 0 | S76: 0 | T76: 0 | U76: 0 | V76: 0 | W76: 0
A77: =IF(MONTH(B77)<10,"0"&MONTH(B77)&"月",MONTH(B77)&"月") -> 12月 | B77: 45271 | C77: No Portfolio | D77: USD | E77: PP6-1-WZX-YYH-V1-SP-M-E | F77: YYH-V1-SP-M-E-Music 相关12.11建 | G77: PZM-US-YYH-V1-1 | H77: B0CM9F3CXY | I77: 35 | J77: 0 | K77: 0 | M77: 0 | N77: 0 | Q77: 0 | R77: 0 | T77: 0 | U77: 0 | V77: 0 | W77: 0
A78: =IF(MONTH(B78)<10,"0"&MONTH(B78)&"月",MONTH(B78)&"月") -> 12月 | B78: 45272 | C78: No Portfolio | D78: USD | E78: PP6-1-WZX-YYH-V1-SP-M-E | F78: YYH-V1-SP-M-E-Music 相关12.11建 | G78: PZM-US-YYH-V1-1 | H78: B0CM9F3CXY | I78: 1103 | J78: 3 | K78: 0.0027198549 | L78: 1.1 | M78: 3.3 | N78: 0 | P78: 0 | Q78: 0 | R78: 0 | S78: 0 | T78: 0 | U78: 0 | V78: 0 | W78: 0
A79: =IF(MONTH(B79)<10,"0"&MONTH(B79)&"月",MONTH(B79)&"月") -> 12月 | B79: 45273 | C79: No Portfolio | D79: USD | E79: PP6-1-WZX-YYH-V1-SP-M-E | F79: YYH-V1-SP-M-E-Music 相关12.11建 | G79: PZM-US-YYH-V1-1 | H79: B0CM9F3CXY | I79: 1480 | J79: 3 | K79: 0.002027027 | L79: 1.1 | M79: 3.3 | N79: 0 | P79: 0 | Q79: 0 | R79: 0 | S79: 0 | T79: 0 | U79: 0 | V79: 0 | W79: 0
A80: =IF(MONTH(B80)<10,"0"&MONTH(B80)&"月",MONTH(B80)&"月") -> 12月 | B80: 45274 | C80: No Portfolio | D80: USD | E80: PP6-1-WZX-YYH-V1-SP-M-E | F80: YYH-V1-SP-M-E-Music 相关12.11建 | G80: PZM-US-YYH-V1-1 | H80: B0CM9F3CXY | I80: 1092 | J80: 12 | K80: 0.010989011 | L80: 1.4466667 | M80: 17.36 | N80: 0 | P80: 0 | Q80: 0 | R80: 0 | S80: 0 | T80: 0 | U80: 0 | V80: 0 | W80: 0
A81: =IF(MONTH(B81)<10,"0"&MONTH(B81)&"月",MONTH(B81)&"月") -> 12月 | B81: 45272 | C81: No Portfolio | D81: USD | E81: PP6-1-WZX-圣诞款-SP-A-Subtitute | F81: 自动-关联匹配 | G81: PZM-US-YGH-V1-1 | H81: B0CMJ85RH6 | I81: 138 | J81: 0 | K81: 0 | M81: 0 | N81: 0 | Q81: 0 | R81: 0 | T81: 0 | U81: 0 | V81: 0 | W81: 0
A82: =IF(MONTH(B82)<10,"0"&MONTH(B82)&"月",MONTH(B82)&"月") -> 12月 | B82: 45273 | C82: No Portfolio | D82: USD | E82: PP6-1-WZX-圣诞款-SP-A-Subtitute | F82: 自动-关联匹配 | G82: PZM-US-YGH-V1-1 | H82: B0CMJ85RH6 | I82: 861 | J82: 1 | K82: 0.0011614402 | L82: 0.82 | M82: 0.82 | N82: 0 | P82: 0 | Q82: 0 | R82: 0 | S82: 0 | T82: 0 | U82: 0 | V82: 0 | W82: 0
A83: =IF(MONTH(B83)<10,"0"&MONTH(B83)&"月",MONTH(B83)&"月") -> 12月 | B83: 45272 | C83: No Portfolio | D83: USD | E83: PP6-1-WZX-圣诞款-SP-A-Subtitute | F83: 自动-关联匹配 | G83: PZM-US-XBJ-V1-1 | H83: B0CMHNDQT8 | I83: 4 | J83: 0 | K83: 0 | M83: 0 | N83: 0 | Q83: 0 | R83: 0 | T83: 0 | U83: 0 | V83: 0 | W83: 0
A84: =IF(MONTH(B84)<10,"0"&MONTH(B84)&"月",MONTH(B84)&"月") -> 12月 | B84: 45273 | C84: No Portfolio | D84: USD | E84: PP6-1-WZX-圣诞款-SP-A-Subtitute | F84: 自动-关联匹配 | G84: PZM-US-XBJ-V1-1 | H84: B0CMHNDQT8 | I84: 24 | J84: 0 | K84: 0 | M84: 0 | N84: 0 | Q84: 0 | R84: 0 | T84: 0 | U84: 0 | V84: 0 | W84: 0
A85: =IF(MONTH(B85)<10,"0"&MONTH(B85)&"月",MONTH(B85)&"月") -> 12月 | B85: 45272 | C85: No Portfolio | D85: USD | E85: PP6-1-WZX-圣诞款-SP-A-Subtitute | F85: 自动-关联匹配 | G85: PZM-US-YYH-V1-1 | H85: B0CM9F3CXY | I85: 16 | J85: 0 | K85: 0 | M85: 0 | N85: 0 | Q85: 0 | R85: 0 | T85: 0 | U85: 0 | V85: 0 | W85: 0
A86: =IF(MONTH(B86)<10,"0"&MONTH(B86)&"月",MONTH(B86)&"月") -> 12月 | B86: 45273 | C86: No Portfolio | D86: USD | E86: PP6-1-WZX-圣诞款-SP-A-Subtitute | F86: 自动-关联匹配 | G86: PZM-US-YYH-V1-1 | H86: B0CM9F3CXY | I86: 15904 | J86: 9 | K86: 0.00056589537 | L86: 0.9 | M86: 8.1 | N86: 0 | P86: 0 | Q86: 0 | R86: 0 | S86: 0 | T86: 0 | U86: 0 | V86: 0 | W86: 0
A87: =IF(MONTH(B87)<10,"0"&MONTH(B87)&"月",MONTH(B87)&"月") -> 12月 | B87: 45272 | C87: 关键词单推组 | D87: USD | E87: PP6-1-WZX-YYH-V1-SP-M-E-推词3d puzzles for kids ages 8-10-12-14 | F87: YYH-V1--推词3d puzzles for kids ages 8-10-12-14 | G87: PZM-US-YYH-V1-1 | H87: B0CM9F3CXY | I87: 57 | J87: 0 | K87: 0 | M87: 0 | N87: 0 | Q87: 0 | R87: 0 | T87: 0 | U87: 0 | V87: 0 | W87: 0
A88: =IF(MONTH(B88)<10,"0"&MONTH(B88)&"月",MONTH(B88)&"月") -> 12月 | B88: 45273 | C88: 关键词单推组 | D88: USD | E88: PP6-1-WZX-YYH-V1-SP-M-E-推词3d puzzles for kids ages 8-10-12-14 | F88: YYH-V1--推词3d puzzles for kids ages 8-10-12-14 | G88: PZM-US-YYH-V1-1 | H88: B0CM9F3CXY | I88: 6838 | J88: 18 | K88: 0.0026323486 | L88: 1.2677778 | M88: 22.82 | N88: 126.35 | O88: 0.18060942 | P88: 5.5368098 | Q88: 4 | R88: 5 | S88: 0.22222222 | T88: 3 | U88: 2 | V88: 89.97 | W88: 36.38
A89: =IF(MONTH(B89)<10,"0"&MONTH(B89)&"月",MONTH(B89)&"月") -> 12月 | B89: 45274 | C89: 关键词单推组 | D89: USD | E89: PP6-1-WZX-YYH-V1-SP-M-E-推词3d puzzles for kids ages 8-10-12-14 | F89: YYH-V1--推词3d puzzles for kids ages 8-10-12-14 | G89: PZM-US-YYH-V1-1 | H89: B0CM9F3CXY | I89: 8070 | J89: 10 | K89: 0.0012391574 | L89: 1.434 | M89: 14.34 | N89: 0 | P89: 0 | Q89: 0 | R89: 0 | S89: 0 | T89: 0 | U89: 0 | V89: 0 | W89: 0
A90: =IF(MONTH(B90)<10,"0"&MONTH(B90)&"月",MONTH(B90)&"月") -> 12月 | B90: 45273 | C90: 关键词单推组 | D90: USD | E90: PP6-1-WZX-YYH-V1-SP-M-E-推词3d puzzles for kids ages 12-14 | F90: 3d puzzles for kids ages 12-14 | G90: PZM-US-YYH-V1-1 | H90: B0CM9F3CXY | I90: 305 | J90: 7 | K90: 0.02295082 | L90: 1.3357143 | M90: 9.35 | N90: 29.99 | O90: 0.31177059 | P90: 3.2074866 | Q90: 1 | R90: 1 | S90: 0.14285714 | T90: 1 | U90: 0 | V90: 29.99 | W90: 0
A91: =IF(MONTH(B91)<10,"0"&MONTH(B91)&"月",MONTH(B91)&"月") -> 12月 | B91: 45274 | C91: 关键词单推组 | D91: USD | E91: PP6-1-WZX-YYH-V1-SP-M-E-推词3d puzzles for kids ages 12-14 | F91: 3d puzzles for kids ages 12-14 | G91: PZM-US-YYH-V1-1 | H91: B0CM9F3CXY | I91: 1052 | J91: 3 | K91: 0.002851711 | L91: 1.4533333 | M91: 4.36 | N91: 0 | P91: 0 | Q91: 0 | R91: 0 | S91: 0 | T91: 0 | U91: 0 | V91: 0 | W91: 0
A92: =IF(MONTH(B92)<10,"0"&MONTH(B92)&"月",MONTH(B92)&"月") -> 12月 | B92: 45273 | C92: 关键词单推组 | D92: USD | E92: PP6-1-WZX-YYH-V1-SP-M-E-推词3d wooden puzzles for adults -12.15改固定 | F92: 3d wooden puzzles for adults | G92: PZM-US-YYH-V1-1 | H92: B0CM9F3CXY | I92: 3212 | J92: 14 | K92: 0.004358655 | L92: 1.3107143 | M92: 18.35 | N92: 0 | P92: 0 | Q92: 0 | R92: 0 | S92: 0 | T92: 0 | U92: 0 | V92: 0 | W92: 0
A93: =IF(MONTH(B93)<10,"0"&MONTH(B93)&"月",MONTH(B93)&"月") -> 12月 | B93: 45274 | C93: 关键词单推组 | D93: USD | E93: PP6-1-WZX-YYH-V1-SP-M-E-推词3d wooden puzzles for adults -12.15改固定 | F93: 3d wooden puzzles for adults | G93: PZM-US-YYH-V1-1 | H93: B0CM9F3CXY | I93: 5823 | J93: 9 | K93: 0.0015455951 | L93: 1.1044444 | M93: 9.94 | N93: 29.99 | O93: 0.33144381 | P93: 3.0171026 | Q93: 1 | R93: 1 | S93: 0.11111111 | T93: 1 | U93: 0 | V93: 29.99 | W93: 0
A94: =IF(MONTH(B94)<10,"0"&MONTH(B94)&"月",MONTH(B94)&"月") -> 12月 | B94: 45274 | C94: 关键词单推组 | D94: USD | E94: PP6-1-WZX-YYH-V1-SP-M-E-推词 3d wooden puzzles-12.15 改固定 | F94: YYH-V1-3d wooden puzzles | G94: PZM-US-YYH-V1-1 | H94: B0CM9F3CXY | I94: 3206 | J94: 2 | K94: 0.00062383032 | L94: 0.96 | M94: 1.92 | N94: 0 | P94: 0 | Q94: 0 | R94: 0 | S94: 0 | T94: 0 | U94: 0 | V94: 0 | W94: 0
A95: =IF(MONTH(B95)<10,"0"&MONTH(B95)&"月",MONTH(B95)&"月") -> 12月 | B95: 45274 | C95: No Portfolio | D95: USD | E95: PP6-1-WZX-YGH-V1-SP-M-E-出单词 | F95: YGH-V1出单词 | G95: PZM-US-YGH-V1-1 | H95: B0CMJ85RH6 | I95: 624 | J95: 8 | K95: 0.012820513 | L95: 0.9675 | M95: 7.74 | N95: 0 | P95: 0 | Q95: 0 | R95: 0 | S95: 0 | T95: 0 | U95: 0 | V95: 0 | W95: 0
A96: =IF(MONTH(B96)<10,"0"&MONTH(B96)&"月",MONTH(B96)&"月") -> 12月 | B96: 45274 | C96: 关键词单推组 | D96: USD | E96: PP6-1-WZX-YGH-V1-SP-M-E-推词3d puzzles for kids | F96: YGH-V1-3d puzzles for kids | G96: PZM-US-YGH-V1-1 | H96: B0CMJ85RH6 | I96: 5374 | J96: 19 | K96: 0.0035355415 | L96: 1.0957895 | M96: 20.82 | N96: 23.39 | O96: 0.89012398 | P96: 1.123439 | Q96: 1 | R96: 1 | S96: 0.052631579 | T96: 1 | U96: 0 | V96: 23.39 | W96: 0
A97: =IF(MONTH(B97)<10,"0"&MONTH(B97)&"月",MONTH(B97)&"月") -> 12月 | B97: 45274 | C97: No Portfolio | D97: USD | E97: PP6-1-WZX-YGH-V1-SP-A-2重开 | F97: YGH-V1-SP-A-重开 | G97: PZM-US-YGH-V1-1 | H97: B0CMJ85RH6 | I97: 3488 | J97: 22 | K97: 0.0063073394 | L97: 0.7 | M97: 15.4 | N97: 37.38 | O97: 0.41198502 | P97: 2.4272727 | Q97: 2 | R97: 2 | S97: 0.090909091 | T97: 1 | U97: 1 | V97: 23.39 | W97: 13.99
A98: =IF(MONTH(B98)<10,"0"&MONTH(B98)&"月",MONTH(B98)&"月") -> 12月 | B98: 45274 | C98: 低价观察组 | D98: USD | E98: PP6-1-WZX-YYH-V1-SP-M-E-低价组 | F98: YYH-V1精准低价组 | G98: PZM-US-YYH-V1-1 | H98: B0CM9F3CXY | I98: 1 | J98: 0 | K98: 0 | M98: 0 | N98: 0 | Q98: 0 | R98: 0 | T98: 0 | U98: 0 | V98: 0 | W98: 0
A99: =IF(MONTH(B99)<10,"0"&MONTH(B99)&"月",MONTH(B99)&"月") -> 01月
A100: =IF(MONTH(B100)<10,"0"&MONTH(B100)&"月",MONTH(B100)&"月") -> 01月
...
